INSERT INTO `unidades_de_medida` (id,activo,fecha_creacion,fecha_actualizacion) VALUES ('', 1, '2022-03-24 10:39:39', '2022-03-24 10:39:46');
INSERT INTO `unidades_de_medida` (id,activo,fecha_creacion,fecha_actualizacion)  VALUES ('(SI/NO)',1, '2022-03-24 11:04:03', '2022-03-24 11:04:03');
INSERT INTO `unidades_de_medida` (id,activo,fecha_creacion,fecha_actualizacion)  VALUES ('CENTIMETROS',1, '2022-03-24 10:54:05', '2022-03-24 10:54:05');
INSERT INTO `unidades_de_medida` (id,activo,fecha_creacion,fecha_actualizacion)  VALUES ('FECHA',1, '2022-03-24 10:51:47', '2022-03-24 10:51:47');
INSERT INTO `unidades_de_medida` (id,activo,fecha_creacion,fecha_actualizacion)  VALUES ('HP',1, '2022-03-24 10:38:46', '2022-03-24 10:38:46');
INSERT INTO `unidades_de_medida` (id,activo,fecha_creacion,fecha_actualizacion)  VALUES ('KVA',1, '2022-03-24 10:50:29', '2022-03-24 10:50:29');
INSERT INTO `unidades_de_medida` (id,activo,fecha_creacion,fecha_actualizacion)  VALUES ('LPS',1, '2022-03-24 11:03:03', '2022-03-24 11:03:03');
INSERT INTO `unidades_de_medida` (id,activo,fecha_creacion,fecha_actualizacion)  VALUES ('METROS',1, '2022-03-24 10:38:44', '2022-03-24 10:38:44');
INSERT INTO `unidades_de_medida` (id,activo,fecha_creacion,fecha_actualizacion)  VALUES ('MILIMETROS',1, '2022-03-24 10:54:09', '2022-03-24 10:54:09');
INSERT INTO `unidades_de_medida` (id,activo,fecha_creacion,fecha_actualizacion)  VALUES ('PIES',1, '2022-03-24 11:20:49', '2022-03-24 11:20:49');
INSERT INTO `unidades_de_medida` (id,activo,fecha_creacion,fecha_actualizacion)  VALUES ('PULGADAS',1, '2022-03-24 10:54:01', '2022-03-24 10:54:01');
INSERT INTO `unidades_de_medida` (id,activo,fecha_creacion,fecha_actualizacion)  VALUES ('VOLTS',1, '2022-03-24 10:38:48', '2022-03-24 10:38:50');

INSERT INTO `caracteristicas_tipo` (id,activo,unidad_predeterminada_id,fecha_creacion,fecha_actualizacion) VALUES ('ABATIMIENTO',1, 'METROS', '2022-03-24 11:01:49', '2022-03-24 11:01:54');
INSERT INTO `caracteristicas_tipo` (id,activo,unidad_predeterminada_id,fecha_creacion,fecha_actualizacion) VALUES ('ADEME CIEGO',1, 'METROS', '2022-03-24 10:59:40', '2022-03-24 10:59:49');
INSERT INTO `caracteristicas_tipo` (id,activo,unidad_predeterminada_id,fecha_creacion,fecha_actualizacion) VALUES ('ADEME RANURADO',1, 'METROS', '2022-03-24 10:59:44', '2022-03-24 10:59:52');
INSERT INTO `caracteristicas_tipo` (id,activo,unidad_predeterminada_id,fecha_creacion,fecha_actualizacion) VALUES ('ALTITUD',1, 'METROS', '2022-03-24 11:00:40', '2022-03-24 11:01:54');
INSERT INTO `caracteristicas_tipo` (id,activo,unidad_predeterminada_id,fecha_creacion,fecha_actualizacion) VALUES ('COLOR',1, '', '2022-03-24 10:39:26', '2022-03-24 10:39:54');
INSERT INTO `caracteristicas_tipo` (id,activo,unidad_predeterminada_id,fecha_creacion,fecha_actualizacion) VALUES ('DIAMETRO',1, 'PULGADAS', '2022-03-24 10:56:07', '2022-03-24 10:56:39');
INSERT INTO `caracteristicas_tipo` (id,activo,unidad_predeterminada_id,fecha_creacion,fecha_actualizacion) VALUES ('DIAMETRO ADEME',1, 'PULGADAS', '2022-03-24 10:56:26', '2022-03-24 10:56:44');
INSERT INTO `caracteristicas_tipo` (id,activo,unidad_predeterminada_id,fecha_creacion,fecha_actualizacion) VALUES ('DIAMETRO COLUMNA',1, 'PULGADAS', '2022-03-24 10:56:33', '2022-03-24 10:56:44');
INSERT INTO `caracteristicas_tipo` (id,activo,unidad_predeterminada_id,fecha_creacion,fecha_actualizacion) VALUES ('FECHA DE PERFORACION',1, 'FECHA', '2022-03-24 10:51:40', '2022-03-24 10:51:54');
INSERT INTO `caracteristicas_tipo` (id,activo,unidad_predeterminada_id,fecha_creacion,fecha_actualizacion) VALUES ('HP',1, 'HP', '2022-03-24 10:47:42', '2022-03-24 10:47:42');
INSERT INTO `caracteristicas_tipo` (id,activo,unidad_predeterminada_id,fecha_creacion,fecha_actualizacion) VALUES ('LONGITUD DE COLUMNA',1, 'METROS', '2022-03-24 10:57:18', '2022-03-24 10:57:43');
INSERT INTO `caracteristicas_tipo` (id,activo,unidad_predeterminada_id,fecha_creacion,fecha_actualizacion) VALUES ('LPS',1, 'LPS', '2022-03-24 11:02:49', '2022-03-24 11:03:09');
INSERT INTO `caracteristicas_tipo` (id,activo,unidad_predeterminada_id,fecha_creacion,fecha_actualizacion) VALUES ('MARCA',1, '', '2022-03-24 10:45:47', '2022-03-24 10:45:56');
INSERT INTO `caracteristicas_tipo` (id,activo,unidad_predeterminada_id,fecha_creacion,fecha_actualizacion) VALUES ('MODELO',1, '', '2022-03-24 10:46:59', '2022-03-24 10:47:21');
INSERT INTO `caracteristicas_tipo` (id,activo,unidad_predeterminada_id,fecha_creacion,fecha_actualizacion) VALUES ('NIVEL DINAMICO',1, 'METROS', '2022-03-24 11:01:46', '2022-03-24 11:01:54');
INSERT INTO `caracteristicas_tipo` (id,activo,unidad_predeterminada_id,fecha_creacion,fecha_actualizacion) VALUES ('NIVEL ESTATICO',1, 'METROS', '2022-03-24 10:39:16', '2022-03-24 10:39:57');
INSERT INTO `caracteristicas_tipo` (id,activo,unidad_predeterminada_id,fecha_creacion,fecha_actualizacion) VALUES ('NUMERO DE SERIE',1, '', '2022-03-24 10:46:57', '2022-03-24 10:47:14');
INSERT INTO `caracteristicas_tipo` (id,activo,unidad_predeterminada_id,fecha_creacion,fecha_actualizacion) VALUES ('POTENCIA',1, 'KVA', '2022-03-24 10:50:24', '2022-03-24 10:50:43');
INSERT INTO `caracteristicas_tipo` (id,activo,unidad_predeterminada_id,fecha_creacion,fecha_actualizacion) VALUES ('TIPO ADEME',1, '', '2022-03-24 10:57:23', '2022-03-24 10:57:47');
INSERT INTO `caracteristicas_tipo` (id,activo,unidad_predeterminada_id,fecha_creacion,fecha_actualizacion) VALUES ('TREN DE DESCARGA DIAMETRO',1, 'PULGADAS', '2022-03-24 11:08:07', '2022-03-24 11:08:46');
INSERT INTO `caracteristicas_tipo` (id,activo,unidad_predeterminada_id,fecha_creacion,fecha_actualizacion) VALUES ('TREN DE DESCARGA LONGITUD',1, 'METROS', '2022-03-24 11:08:33', '2022-03-24 11:08:52');
INSERT INTO `caracteristicas_tipo` (id,activo,unidad_predeterminada_id,fecha_creacion,fecha_actualizacion) VALUES ('VOLTAJE',1, 'VOLTS', '2022-03-24 10:40:05', '2022-03-24 10:45:31');

INSERT INTO `componentes_tipo` (id,activo,fecha_creacion,fecha_actualizacion) VALUES ('ANTENA',1, '2022-03-24 11:15:28', '2022-03-24 11:15:28');
INSERT INTO `componentes_tipo` (id,activo,fecha_creacion,fecha_actualizacion) VALUES ('ARDUINO',1, '2022-03-24 10:41:34', '2022-03-24 10:41:34');
INSERT INTO `componentes_tipo` (id,activo,fecha_creacion,fecha_actualizacion) VALUES ('ARRANCADOR',1, '2022-03-24 11:15:06', '2022-03-24 11:15:06');
INSERT INTO `componentes_tipo` (id,activo,fecha_creacion,fecha_actualizacion) VALUES ('BOMBA',1, '2022-03-24 10:40:17', '2022-03-24 10:40:17');
INSERT INTO `componentes_tipo` (id,activo,fecha_creacion,fecha_actualizacion) VALUES ('BOTONERA',1, '2022-03-24 11:15:59', '2022-03-24 11:15:59');
INSERT INTO `componentes_tipo` (id,activo,fecha_creacion,fecha_actualizacion) VALUES ('CABLE',1, '2022-03-24 11:16:32', '2022-03-24 11:16:32');
INSERT INTO `componentes_tipo` (id,activo,fecha_creacion,fecha_actualizacion) VALUES ('CONTACTOR',1, '2022-03-24 11:15:34', '2022-03-24 11:15:34');
INSERT INTO `componentes_tipo` (id,activo,fecha_creacion,fecha_actualizacion) VALUES ('MOTOR',1, '2022-03-24 10:40:14', '2022-03-24 10:40:14');
INSERT INTO `componentes_tipo` (id,activo,fecha_creacion,fecha_actualizacion) VALUES ('PULSADOR DE HIPOCLORITO',1, '2022-03-24 11:07:41', '2022-03-24 11:07:41');
INSERT INTO `componentes_tipo` (id,activo,fecha_creacion,fecha_actualizacion) VALUES ('REGULADOR',1, '2022-03-24 11:16:30', '2022-03-24 11:16:30');
INSERT INTO `componentes_tipo` (id,activo,fecha_creacion,fecha_actualizacion) VALUES ('REGULADOR NO BREAK',1, '2022-03-24 11:16:25', '2022-03-24 11:16:25');
INSERT INTO `componentes_tipo` (id,activo,fecha_creacion,fecha_actualizacion) VALUES ('ROUTER',1, '2022-03-24 11:15:19', '2022-03-24 11:15:19');
INSERT INTO `componentes_tipo` (id,activo,fecha_creacion,fecha_actualizacion) VALUES ('SENSOR DE NIVEL',1, '2022-03-24 11:16:34', '2022-03-24 11:16:44');
INSERT INTO `componentes_tipo` (id,activo,fecha_creacion,fecha_actualizacion) VALUES ('SENSOR DE PRESION',1, '2022-03-24 11:16:47', '2022-03-24 11:16:47');
INSERT INTO `componentes_tipo` (id,activo,fecha_creacion,fecha_actualizacion) VALUES ('TRANSFORMADOR',1, '2022-03-24 11:06:31', '2022-03-24 11:06:31');
INSERT INTO `componentes_tipo` (id,activo,fecha_creacion,fecha_actualizacion) VALUES ('UTR',1, '2022-03-24 10:41:28', '2022-03-24 10:41:28');